{"id":"b9b1affecfda22757fc568f2adba540a","categories":{"business-operations":"Business Operations"},"subcategories":[],"license":["basic","elite","lite","plus","pro","ultimate","agency"],"slug":"credit-card-authorization-form-template","name":"Credit Card Authorization Form","description":"Take authorization for credit card payment using Stripe.","url":"https:\/\/wpforms.com\/templates\/credit-card-authorization-form-template\/","addons":[],"created_at":"2022-04-27","thumbnail":"https:\/\/wpforms.com\/templates\/wp-content\/uploads\/templates\/thumb\/b9b1affecfda22757fc568f2adba540a.jpg","data":{"fields":{"0":{"id":"0","type":"name","label":"Cardholder Name","format":"first-last","description":"","required":"1","size":"medium","simple_placeholder":"","simple_default":"","first_placeholder":"","first_default":"","middle_placeholder":"","middle_default":"","last_placeholder":"","last_default":"","css":""},"20":{"id":"20","type":"email","label":"Email","description":"","required":"1","size":"medium","placeholder":"","confirmation_placeholder":"","default_value":false,"filter_type":"","allowlist":"","denylist":"","css":""},"18":{"id":"18","type":"stripe-credit-card","label":"Credit Card Details","description":"","required":"1","size":"medium","cardname_placeholder":"","css":""},"19":{"id":"19","type":"payment-single","label":"Total Amount","description":"","price":"10.00","format":"single","required":"1","size":"medium","placeholder":"","css":""},"12":{"id":"12","type":"checkbox","label":"Payment Confirmation","choices":{"1":{"label":"I hereby authorize ________ to charge my credit card with the amount above.","value":"","image":"","icon":"face-smile","icon_style":"regular"}},"choices_images_style":"modern","choices_icons_color":"#0399ed","choices_icons_size":"large","choices_icons_style":"default","description":"","required":"1","input_columns":"","choice_limit":"","dynamic_choices":"","css":""}},"field_id":21,"settings":{"form_title":"Credit Card Authorization Form","form_desc":"","submit_text":"Submit","submit_text_processing":"Sending...","form_class":"","submit_class":"","ajax_submit":"1","notification_enable":"1","notifications":{"1":{"notification_name":"Default Notification","email":"{admin_email}","subject":"New Entry: Credit Card Authorization Form Template","sender_address":"{admin_email}","replyto":"{field_id=\"1\"}","message":"{all_fields}","file_upload_attachment_fields":[],"entry_csv_attachment_entry_information":[],"entry_csv_attachment_file_name":"entry-details"}},"confirmations":{"1":{"name":"Default Confirmation","type":"message","message":"<p>Thanks for your submitting your credit card authorization form! We'll be in touch shortly.<\/p>","message_scroll":"1","page":"2","redirect":"","message_entry_preview_style":"basic"}},"lead_forms":{"title":"","accent_color":"#0299ed","field_borders":"#cccccc","primary_text":"#444444","secondary_text":"#777777","import":""},"antispam":"1","anti_spam":{"country_filter":{"action":"allow","country_codes":[],"message":"Sorry, this form does not accept submissions from your country."},"keyword_filter":{"message":"Sorry, your message can't be submitted because it contains prohibited words."}},"form_abandonment_fields":"","post_submissions_title":"","post_submissions_content":"","post_submissions_excerpt":"","post_submissions_featured":"","post_submissions_type":"post","post_submissions_status":"pending","post_submissions_author":"","registration_username":"","registration_email":"","registration_name":"","registration_password":"","registration_website":"","registration_bio":"","registration_role":"subscriber","registration_activation_method":"user","registration_email_user_activation_subject":"{site_name} Activation Required","registration_email_user_activation_message":"IMPORTANT: You must activate your account before you can log in.\r\nPlease visit the link below.\r\n\r\n{url_user_activation}","registration_activation_confirmation":"","registration_hide_message":"Hi {user_first_name}, you\u2019re already logged in. Log out.","registration_email_admin_subject":"{site_name} New User Registration","registration_email_admin_message":"New user registration on your site {site_name}:\r\n\r\nUsername: {user_registration_login}\r\nEmail: {user_registration_email}","registration_email_user_subject":"{site_name} Your username and password info","registration_email_user_message":"Username: {user_registration_login}\r\nPassword: {user_registration_password}\r\n{url_login}","registration_email_user_after_activation_subject":"{site_name} Your account was successfully activated","registration_email_user_after_activation_message":"You can log in with your credentials now.\r\n\r\n{url_login}","form_pages_title":"","form_pages_description":"","form_pages_page_slug":"credit-card-authorization-form-template","form_pages_custom_logo":"","form_pages_footer":"This content is neither created nor endorsed by WPForms.","form_pages_color_scheme":"#448ccb","form_pages_style":"modern","conversational_forms_title":"","conversational_forms_description":"","conversational_forms_page_slug":"credit-card-authorization-form-template","conversational_forms_custom_logo":"","conversational_forms_color_scheme":"#448ccb","conversational_forms_progress_bar":"percentage","form_locker_verification_type":"password","form_locker_password":"","form_locker_age":"18","form_locker_age_criteria":">=","form_locker_password_message":"","form_locker_age_message":"","form_locker_email_message":"","form_locker_schedule_start_date":"","form_locker_schedule_start_time":"","form_locker_schedule_end_date":"","form_locker_schedule_end_time":"","form_locker_schedule_message":"","form_locker_user_message":"","form_locker_entry_limit":"","form_locker_entry_limit_message":"","form_locker_user_entry_email_field":"","form_locker_user_entry_limit":"","form_locker_user_entry_email_duration":"day","form_locker_user_entry_message_limited":"","save_resume_link_text":"Save and Resume Later","save_resume_disclaimer_message":"Heads up! Saving your progress now will store a copy of your entry on this server and the site owner may have access to it. For security reasons, sensitive information such as credit cards and mailing addresses, along with file uploads will have to be re-entered when you resume.","save_resume_confirmation_message":"Your form entry has been saved and a unique link has been created which you can access to resume this form.\r\n\r\nEnter your email address to receive the link via email. Alternatively, you can copy and save the link below.\r\n\r\nPlease note, this link should not be shared and will expire in 30 days, afterwards your form entry will be deleted.","save_resume_enable_resume_link":"1","save_resume_enable_email_notification":"1","save_resume_email_notification_message":"Thank you for saving {form_name}. Click the link below to resume the form from any device.\r\n\r\n{resume_link}\r\n\r\nRemember, the link should not be shared and will expire in 30 days.","save_resume_email_settings_message":"A link to resume this form has been sent to the email address provided.\r\n\r\nPlease remember, the link should not be shared and will expire in 30 days.","form_tags":[]},"lead_forms":{"iif_id_ref":""},"payments":{"stripe":{"enable":"1","payment_description":"","receipt_email":"","customer_email":"","recurring":{"name":"","period":"yearly","email":""}},"paypal_commerce":{"name":"","billing_email":"","billing_address":"","shipping_address":"","payment_description":"","recurring":[{"pp_product_id":"","pp_plan_id":"","name":"Plan Name #1","product_type":"digital","recurring_times":"yearly","total_cycles":"0","shipping_address":""}]},"paypal_standard":{"production_email":"","sandbox_email":"","mode":"production","transaction":"product","cancel_url":"","shipping":"0"}}}}