{"files":["stationnementgouv.local_wpvivid-6513f6b43863f_2023-09-27-09-32_backup_db.sql"],"tables":[{"name":"wp_wpforms_tasks_meta","size":16384,"rows":"5"},{"name":"wp_actionscheduler_claims","size":32768,"rows":"0"},{"name":"wp_actionscheduler_groups","size":32768,"rows":"2"},{"name":"wp_frm_forms","size":32768,"rows":"4"},{"name":"wp_links","size":32768,"rows":"0"},{"name":"wp_term_relationships","size":32768,"rows":"2"},{"name":"wp_actionscheduler_logs","size":49152,"rows":"22"},{"name":"wp_commentmeta","size":49152,"rows":"0"},{"name":"wp_frm_item_metas","size":49152,"rows":"6"},{"name":"wp_term_taxonomy","size":49152,"rows":"2"},{"name":"wp_termmeta","size":49152,"rows":"0"},{"name":"wp_terms","size":49152,"rows":"2"},{"name":"wp_usermeta","size":49152,"rows":"26"},{"name":"wp_frm_fields","size":65536,"rows":"14"},{"name":"wp_users","size":65536,"rows":"0"},{"name":"wp_wpforms_payment_meta","size":65536,"rows":"0"},{"name":"wp_postmeta","size":81920,"rows":"97"},{"name":"wp_comments","size":98304,"rows":"1"},{"name":"wp_frm_items","size":98304,"rows":"2"},{"name":"wp_actionscheduler_actions","size":131072,"rows":"9"},{"name":"wp_wpforms_payments","size":163840,"rows":"0"},{"name":"wp_posts","size":376832,"rows":"104"},{"name":"wp_options","size":3309568,"rows":"218"}],"dump_db":1,"file_type":"databases","home_url":"http:\/\/stationnementgouv.local","root_flag":"custom","php_version":"8.1.23","mysql_version":"8.0.16","wp_version":"6.3.1","find_zero_date":1,"file":"stationnementgouv.local_wpvivid-6513f6b43863f_2023-09-27-09-32_backup_db.part001.zip"}